{
  "model_name": "lstm_imdb_tuned",
  "notebook_name": "4_lstm_text_imdb",
  "final_accuracy": 0.86516,
  "final_loss": 0.3244646489620209,
  "f1_score": 0.866299131400468,
  "training_time_seconds": 5613.424862146378,
  "model_params": 2732993,
  "timestamp": "2025-10-05T19:14:40.008374",
  "training_history": {
    "accuracy": [
      0.6477000117301941,
      0.8143500089645386,
      0.875249981880188,
      0.9079999923706055,
      0.9224500060081482
    ],
    "val_accuracy": [
      0.83160001039505,
      0.83160001039505,
      0.8704000115394592,
      0.8804000020027161,
      0.8736000061035156
    ],
    "loss": [
      0.6257404685020447,
      0.4413807988166809,
      0.32881152629852295,
      0.2547428607940674,
      0.22765932977199554
    ],
    "val_loss": [
      0.42119312286376953,
      0.3854612410068512,
      0.3229038119316101,
      0.30568450689315796,
      0.3116050660610199
    ]
  }
}