{
  "accuracy": 0.905,
  "f1": 0.9050949050949051,
  "loss": 0.23954238467628047,
  "epochs": 2,
  "params": 109483778,
  "train_time_sec": 14358.2
}