{
  "model_name": "fashion_mnist_cnn_baseline",
  "notebook_name": "1_cnn_classification",
  "final_accuracy": 0.9218999743461609,
  "final_loss": 0.21278588473796844,
  "f1_score": 0.921970791149851,
  "training_time_seconds": 1242.5109648704529,
  "model_params": 470122,
  "timestamp": "2025-10-05T17:56:07.985152",
  "training_history": {
    "accuracy": [
      0.7538999915122986,
      0.8577499985694885,
      0.8796833157539368,
      0.8918833136558533,
      0.899316668510437,
      0.9072333574295044,
      0.9110000133514404,
      0.9139333367347717,
      0.9195166826248169,
      0.9206666946411133
    ],
    "val_accuracy": [
      0.8565000295639038,
      0.8881999850273132,
      0.8766999840736389,
      0.8949000239372253,
      0.9096999764442444,
      0.909600019454956,
      0.9104999899864197,
      0.9233999848365784,
      0.9236000180244446,
      0.9218999743461609
    ],
    "loss": [
      0.679654061794281,
      0.3950279951095581,
      0.3306751847267151,
      0.299100399017334,
      0.27577972412109375,
      0.25797057151794434,
      0.2471238225698471,
      0.23730425536632538,
      0.22450709342956543,
      0.2209191471338272
    ],
    "val_loss": [
      0.3800942897796631,
      0.303996205329895,
      0.33562371134757996,
      0.281984806060791,
      0.24878966808319092,
      0.24328884482383728,
      0.23943494260311127,
      0.20953825116157532,
      0.20758557319641113,
      0.21278586983680725
    ]
  }
}