{
  "model_name": "fashion_mnist_cnn_baseline",
  "notebook_name": "1_cnn_classification",
  "final_accuracy": 0.9063000082969666,
  "final_loss": 0.24619294703006744,
  "f1_score": 0.9069248730618353,
  "training_time_seconds": 998.1002995967865,
  "model_params": 470122,
  "timestamp": "2025-10-04T17:44:02.085937",
  "training_history": {
    "accuracy": [
      0.7620499730110168,
      0.8598333597183228,
      0.8824333548545837,
      0.8934166431427002,
      0.899566650390625,
      0.9065333604812622,
      0.9106500148773193,
      0.9122499823570251,
      0.9181333184242249,
      0.9215499758720398
    ],
    "val_accuracy": [
      0.8640000224113464,
      0.8848999738693237,
      0.8981000185012817,
      0.9107999801635742,
      0.913100004196167,
      0.9172000288963318,
      0.9067999720573425,
      0.9182999730110168,
      0.9192000031471252,
      0.9063000082969666
    ],
    "loss": [
      0.6693155765533447,
      0.38886281847953796,
      0.32847830653190613,
      0.29817378520965576,
      0.27541548013687134,
      0.2614203095436096,
      0.24656911194324493,
      0.2429063618183136,
      0.22874130308628082,
      0.21903851628303528
    ],
    "val_loss": [
      0.3830173909664154,
      0.31482765078544617,
      0.2732012867927551,
      0.248624786734581,
      0.24071504175662994,
      0.22877851128578186,
      0.25764378905296326,
      0.22132307291030884,
      0.22171743214130402,
      0.2461930215358734
    ]
  }
}