{
  "model_name": "cifar10_cnn",
  "final_training_accuracy": 0.483240008354187,
  "final_validation_accuracy": 0.5372999906539917,
  "final_training_loss": 1.4233112335205078,
  "final_validation_loss": 1.288878083229065,
  "test_accuracy": 0.5372999906539917,
  "total_epochs_trained": 2,
  "best_validation_accuracy": 0.5372999906539917
}